analyst_id,name,team,entity_id,experience_years,cases_handled,avg_mttr,template_rate
AN-CSE-07-01,Analyst 1 CSE-07,CSE-07,CSE-07,11,0,0,0.0
AN-CSE-07-02,Analyst 2 CSE-07,CSE-07,CSE-07,2,0,0,0.0
AN-CSE-07-03,Analyst 3 CSE-07,CSE-07,CSE-07,1,0,0,0.0
AN-CSE-07-04,Analyst 4 CSE-07,CSE-07,CSE-07,12,0,0,0.0
AN-CSE-07-05,Analyst 5 CSE-07,CSE-07,CSE-07,5,0,0,0.0
AN-CSE-07-06,Analyst 6 CSE-07,CSE-07,CSE-07,4,0,0,0.0
AN-CSE-07-07,Analyst 7 CSE-07,CSE-07,CSE-07,4,0,0,0.0
AN-CSE-07-08,Analyst 8 CSE-07,CSE-07,CSE-07,3,0,0,0.0
AN-CSE-19-01,Analyst 1 CSE-19,CSE-19,CSE-19,11,0,0,0.0
AN-CSE-19-02,Analyst 2 CSE-19,CSE-19,CSE-19,6,0,0,0.0
AN-CSE-19-03,Analyst 3 CSE-19,CSE-19,CSE-19,9,0,0,0.0
AN-CSE-19-04,Analyst 4 CSE-19,CSE-19,CSE-19,5,0,0,0.0
AN-CSE-19-05,Analyst 5 CSE-19,CSE-19,CSE-19,3,0,0,0.0
AN-CSE-19-06,Analyst 6 CSE-19,CSE-19,CSE-19,11,0,0,0.0
AN-CSE-19-07,Analyst 7 CSE-19,CSE-19,CSE-19,9,0,0,0.0
AN-CSE-19-08,Analyst 8 CSE-19,CSE-19,CSE-19,3,0,0,0.0
AN-CSE-03-01,Analyst 1 CSE-03,CSE-03,CSE-03,8,0,0,0.0
AN-CSE-03-02,Analyst 2 CSE-03,CSE-03,CSE-03,3,0,0,0.0
AN-CSE-03-03,Analyst 3 CSE-03,CSE-03,CSE-03,2,0,0,0.0
AN-CSE-03-04,Analyst 4 CSE-03,CSE-03,CSE-03,6,0,0,0.0
AN-CSE-03-05,Analyst 5 CSE-03,CSE-03,CSE-03,12,0,0,0.0
AN-CSE-03-06,Analyst 6 CSE-03,CSE-03,CSE-03,9,0,0,0.0
AN-CSE-03-07,Analyst 7 CSE-03,CSE-03,CSE-03,7,0,0,0.0
AN-CSE-03-08,Analyst 8 CSE-03,CSE-03,CSE-03,3,0,0,0.0
AN-CSE-22-01,Analyst 1 CSE-22,CSE-22,CSE-22,4,0,0,0.0
AN-CSE-22-02,Analyst 2 CSE-22,CSE-22,CSE-22,5,0,0,0.0
AN-CSE-22-03,Analyst 3 CSE-22,CSE-22,CSE-22,12,0,0,0.0
AN-CSE-22-04,Analyst 4 CSE-22,CSE-22,CSE-22,9,0,0,0.0
AN-CSE-22-05,Analyst 5 CSE-22,CSE-22,CSE-22,4,0,0,0.0
AN-CSE-11-01,Analyst 1 CSE-11,CSE-11,CSE-11,3,0,0,0.0
AN-CSE-11-02,Analyst 2 CSE-11,CSE-11,CSE-11,12,0,0,0.0
AN-CSE-11-03,Analyst 3 CSE-11,CSE-11,CSE-11,4,0,0,0.0
AN-CSE-11-04,Analyst 4 CSE-11,CSE-11,CSE-11,4,0,0,0.0
AN-CSE-11-05,Analyst 5 CSE-11,CSE-11,CSE-11,10,0,0,0.0
AN-CSE-14-01,Analyst 1 CSE-14,CSE-14,CSE-14,4,0,0,0.0
AN-CSE-14-02,Analyst 2 CSE-14,CSE-14,CSE-14,7,0,0,0.0
AN-CSE-14-03,Analyst 3 CSE-14,CSE-14,CSE-14,10,0,0,0.0
AN-CSE-14-04,Analyst 4 CSE-14,CSE-14,CSE-14,11,0,0,0.0
AN-CSE-14-05,Analyst 5 CSE-14,CSE-14,CSE-14,3,0,0,0.0
AN-CSE-05-01,Analyst 1 CSE-05,CSE-05,CSE-05,8,0,0,0.0
AN-CSE-05-02,Analyst 2 CSE-05,CSE-05,CSE-05,9,0,0,0.0
AN-CSE-05-03,Analyst 3 CSE-05,CSE-05,CSE-05,11,0,0,0.0
AN-CSE-05-04,Analyst 4 CSE-05,CSE-05,CSE-05,6,0,0,0.0
AN-CSE-05-05,Analyst 5 CSE-05,CSE-05,CSE-05,1,0,0,0.0
AN-CSE-21-01,Analyst 1 CSE-21,CSE-21,CSE-21,12,0,0,0.0
AN-CSE-21-02,Analyst 2 CSE-21,CSE-21,CSE-21,2,0,0,0.0
AN-CSE-21-03,Analyst 3 CSE-21,CSE-21,CSE-21,12,0,0,0.0
AN-CSE-02-01,Analyst 1 CSE-02,CSE-02,CSE-02,6,0,0,0.0
AN-CSE-02-02,Analyst 2 CSE-02,CSE-02,CSE-02,10,0,0,0.0
AN-CSE-02-03,Analyst 3 CSE-02,CSE-02,CSE-02,8,0,0,0.0
AN-CSE-02-04,Analyst 4 CSE-02,CSE-02,CSE-02,12,0,0,0.0
AN-CSE-02-05,Analyst 5 CSE-02,CSE-02,CSE-02,1,0,0,0.0
AN-CSE-09-01,Analyst 1 CSE-09,CSE-09,CSE-09,2,0,0,0.0
AN-CSE-09-02,Analyst 2 CSE-09,CSE-09,CSE-09,6,0,0,0.0
AN-CSE-09-03,Analyst 3 CSE-09,CSE-09,CSE-09,7,0,0,0.0
AN-CSE-08-01,Analyst 1 CSE-08,CSE-08,CSE-08,9,0,0,0.0
AN-CSE-08-02,Analyst 2 CSE-08,CSE-08,CSE-08,7,0,0,0.0
AN-CSE-08-03,Analyst 3 CSE-08,CSE-08,CSE-08,3,0,0,0.0
AN-CSE-08-04,Analyst 4 CSE-08,CSE-08,CSE-08,4,0,0,0.0
AN-CSE-08-05,Analyst 5 CSE-08,CSE-08,CSE-08,6,0,0,0.0
AN-CSE-08-06,Analyst 6 CSE-08,CSE-08,CSE-08,2,0,0,0.0
AN-CSE-08-07,Analyst 7 CSE-08,CSE-08,CSE-08,1,0,0,0.0
AN-CSE-08-08,Analyst 8 CSE-08,CSE-08,CSE-08,12,0,0,0.0
AN-CSE-16-01,Analyst 1 CSE-16,CSE-16,CSE-16,7,0,0,0.0
AN-CSE-16-02,Analyst 2 CSE-16,CSE-16,CSE-16,1,0,0,0.0
AN-CSE-16-03,Analyst 3 CSE-16,CSE-16,CSE-16,2,0,0,0.0
AN-CSE-16-04,Analyst 4 CSE-16,CSE-16,CSE-16,12,0,0,0.0
AN-CSE-16-05,Analyst 5 CSE-16,CSE-16,CSE-16,9,0,0,0.0
AN-CSE-16-06,Analyst 6 CSE-16,CSE-16,CSE-16,7,0,0,0.0
AN-CSE-16-07,Analyst 7 CSE-16,CSE-16,CSE-16,4,0,0,0.0
AN-CSE-16-08,Analyst 8 CSE-16,CSE-16,CSE-16,10,0,0,0.0
