asset_id,name,entity_id,entity_name,sector,criticality,type,last_alert_timestamp
AST-CSE-07-001,BFSI-East Clearing DC Cloud 001,CSE-07,BFSI-East Clearing DC,BFSI,Medium,Cloud,2026-09-17T01:42:00
AST-CSE-07-002,BFSI-East Clearing DC OT 002,CSE-07,BFSI-East Clearing DC,BFSI,Medium,OT,2026-09-20T00:41:00
AST-CSE-07-003,BFSI-East Clearing DC Network 003,CSE-07,BFSI-East Clearing DC,BFSI,Critical,Network,
AST-CSE-07-004,BFSI-East Clearing DC Server 004,CSE-07,BFSI-East Clearing DC,BFSI,Critical,Server,
AST-CSE-07-005,BFSI-East Clearing DC OT 005,CSE-07,BFSI-East Clearing DC,BFSI,High,OT,2026-09-20T00:01:00
AST-CSE-07-006,BFSI-East Clearing DC OT 006,CSE-07,BFSI-East Clearing DC,BFSI,Medium,OT,2026-09-19T06:06:00
AST-CSE-07-007,BFSI-East Clearing DC Cloud 007,CSE-07,BFSI-East Clearing DC,BFSI,High,Cloud,2026-09-18T21:44:00
AST-CSE-07-008,BFSI-East Clearing DC Network 008,CSE-07,BFSI-East Clearing DC,BFSI,Medium,Network,2026-09-17T17:20:00
AST-CSE-07-009,BFSI-East Clearing DC OT 009,CSE-07,BFSI-East Clearing DC,BFSI,High,OT,2026-09-20T06:48:00
AST-CSE-07-010,BFSI-East Clearing DC Server 010,CSE-07,BFSI-East Clearing DC,BFSI,High,Server,2026-09-16T01:01:00
AST-CSE-07-011,BFSI-East Clearing DC Workstation 011,CSE-07,BFSI-East Clearing DC,BFSI,Low,Workstation,2026-09-20T06:13:00
AST-CSE-07-012,BFSI-East Clearing DC DC 012,CSE-07,BFSI-East Clearing DC,BFSI,Medium,DC,2026-09-18T23:56:00
AST-CSE-07-013,BFSI-East Clearing DC Workstation 013,CSE-07,BFSI-East Clearing DC,BFSI,High,Workstation,2026-09-16T09:42:00
AST-CSE-07-014,BFSI-East Clearing DC DC 014,CSE-07,BFSI-East Clearing DC,BFSI,Low,DC,2026-09-18T21:22:00
AST-CSE-07-015,BFSI-East Clearing DC Network 015,CSE-07,BFSI-East Clearing DC,BFSI,Critical,Network,
AST-CSE-07-016,BFSI-East Clearing DC DC 016,CSE-07,BFSI-East Clearing DC,BFSI,Critical,DC,
AST-CSE-07-017,BFSI-East Clearing DC Server 017,CSE-07,BFSI-East Clearing DC,BFSI,Medium,Server,2026-09-18T05:03:00
AST-CSE-07-018,BFSI-East Clearing DC OT 018,CSE-07,BFSI-East Clearing DC,BFSI,Medium,OT,2026-09-17T07:54:00
AST-CSE-07-019,BFSI-East Clearing DC Network 019,CSE-07,BFSI-East Clearing DC,BFSI,Critical,Network,2026-09-16T17:28:00
AST-CSE-07-020,BFSI-East Clearing DC DC 020,CSE-07,BFSI-East Clearing DC,BFSI,Critical,DC,2026-09-20T02:42:00
AST-CSE-07-021,BFSI-East Clearing DC OT 021,CSE-07,BFSI-East Clearing DC,BFSI,Low,OT,2026-09-20T00:48:00
AST-CSE-07-022,BFSI-East Clearing DC DC 022,CSE-07,BFSI-East Clearing DC,BFSI,Low,DC,2026-09-20T02:14:00
AST-CSE-07-023,BFSI-East Clearing DC Cloud 023,CSE-07,BFSI-East Clearing DC,BFSI,Medium,Cloud,2026-09-10T03:53:00
AST-CSE-07-024,BFSI-East Clearing DC Cloud 024,CSE-07,BFSI-East Clearing DC,BFSI,Critical,Cloud,2026-09-16T21:41:00
AST-CSE-07-025,BFSI-East Clearing DC DC 025,CSE-07,BFSI-East Clearing DC,BFSI,High,DC,2026-09-17T00:38:00
AST-CSE-07-026,BFSI-East Clearing DC Workstation 026,CSE-07,BFSI-East Clearing DC,BFSI,Low,Workstation,2026-09-18T22:18:00
AST-CSE-07-027,BFSI-East Clearing DC Network 027,CSE-07,BFSI-East Clearing DC,BFSI,Low,Network,2026-09-17T20:32:00
AST-CSE-07-028,BFSI-East Clearing DC Cloud 028,CSE-07,BFSI-East Clearing DC,BFSI,High,Cloud,2026-09-18T01:24:00
AST-CSE-07-029,BFSI-East Clearing DC Workstation 029,CSE-07,BFSI-East Clearing DC,BFSI,Low,Workstation,2026-09-18T13:53:00
AST-CSE-07-030,BFSI-East Clearing DC Workstation 030,CSE-07,BFSI-East Clearing DC,BFSI,High,Workstation,2026-09-17T07:58:00
AST-CSE-07-031,BFSI-East Clearing DC Cloud 031,CSE-07,BFSI-East Clearing DC,BFSI,Medium,Cloud,2026-09-18T09:33:00
AST-CSE-07-032,BFSI-East Clearing DC Cloud 032,CSE-07,BFSI-East Clearing DC,BFSI,Low,Cloud,2026-09-15T03:11:00
AST-CSE-07-033,BFSI-East Clearing DC Cloud 033,CSE-07,BFSI-East Clearing DC,BFSI,Critical,Cloud,2026-09-18T12:10:00
AST-CSE-07-034,BFSI-East Clearing DC Cloud 034,CSE-07,BFSI-East Clearing DC,BFSI,High,Cloud,2026-09-19T08:34:00
AST-CSE-07-035,BFSI-East Clearing DC Network 035,CSE-07,BFSI-East Clearing DC,BFSI,High,Network,2026-09-19T19:14:00
AST-CSE-07-036,BFSI-East Clearing DC Cloud 036,CSE-07,BFSI-East Clearing DC,BFSI,High,Cloud,2026-09-13T03:47:00
AST-CSE-07-037,BFSI-East Clearing DC Workstation 037,CSE-07,BFSI-East Clearing DC,BFSI,Medium,Workstation,2026-09-13T20:26:00
AST-CSE-07-038,BFSI-East Clearing DC Server 038,CSE-07,BFSI-East Clearing DC,BFSI,Medium,Server,2026-09-19T20:54:00
AST-CSE-07-039,BFSI-East Clearing DC Server 039,CSE-07,BFSI-East Clearing DC,BFSI,High,Server,2026-09-16T07:26:00
AST-CSE-07-040,BFSI-East Clearing DC Network 040,CSE-07,BFSI-East Clearing DC,BFSI,Low,Network,2026-09-20T03:47:00
AST-CSE-19-001,Energy-ER Grid SOC Network 001,CSE-19,Energy-ER Grid SOC,Energy,High,Network,2026-09-16T14:32:00
AST-CSE-19-002,Energy-ER Grid SOC DC 002,CSE-19,Energy-ER Grid SOC,Energy,Critical,DC,
AST-CSE-19-003,Energy-ER Grid SOC OT 003,CSE-19,Energy-ER Grid SOC,Energy,Medium,OT,2026-09-18T16:18:00
AST-CSE-19-004,Energy-ER Grid SOC Workstation 004,CSE-19,Energy-ER Grid SOC,Energy,Low,Workstation,2026-09-15T14:06:00
AST-CSE-19-005,Energy-ER Grid SOC DC 005,CSE-19,Energy-ER Grid SOC,Energy,Low,DC,2026-09-14T19:56:00
AST-CSE-19-006,Energy-ER Grid SOC Workstation 006,CSE-19,Energy-ER Grid SOC,Energy,Medium,Workstation,2026-09-15T06:17:00
AST-CSE-19-007,Energy-ER Grid SOC Cloud 007,CSE-19,Energy-ER Grid SOC,Energy,High,Cloud,2026-09-17T02:53:00
AST-CSE-19-008,Energy-ER Grid SOC Network 008,CSE-19,Energy-ER Grid SOC,Energy,Low,Network,2026-09-15T23:18:00
AST-CSE-19-009,Energy-ER Grid SOC DC 009,CSE-19,Energy-ER Grid SOC,Energy,Low,DC,2026-09-13T09:42:00
AST-CSE-19-010,Energy-ER Grid SOC OT 010,CSE-19,Energy-ER Grid SOC,Energy,High,OT,2026-09-19T04:12:00
AST-CSE-19-011,Energy-ER Grid SOC Server 011,CSE-19,Energy-ER Grid SOC,Energy,High,Server,2026-09-15T20:51:00
AST-CSE-19-012,Energy-ER Grid SOC Cloud 012,CSE-19,Energy-ER Grid SOC,Energy,Medium,Cloud,2026-09-16T11:35:00
AST-CSE-19-013,Energy-ER Grid SOC OT 013,CSE-19,Energy-ER Grid SOC,Energy,Medium,OT,2026-09-17T10:24:00
AST-CSE-19-014,Energy-ER Grid SOC Workstation 014,CSE-19,Energy-ER Grid SOC,Energy,Critical,Workstation,
AST-CSE-19-015,Energy-ER Grid SOC Cloud 015,CSE-19,Energy-ER Grid SOC,Energy,Medium,Cloud,2026-09-19T13:08:00
AST-CSE-19-016,Energy-ER Grid SOC DC 016,CSE-19,Energy-ER Grid SOC,Energy,High,DC,2026-09-18T19:46:00
AST-CSE-19-017,Energy-ER Grid SOC Workstation 017,CSE-19,Energy-ER Grid SOC,Energy,Medium,Workstation,2026-09-17T00:05:00
AST-CSE-19-018,Energy-ER Grid SOC Workstation 018,CSE-19,Energy-ER Grid SOC,Energy,Critical,Workstation,
AST-CSE-19-019,Energy-ER Grid SOC OT 019,CSE-19,Energy-ER Grid SOC,Energy,High,OT,2026-09-19T00:08:00
AST-CSE-19-020,Energy-ER Grid SOC Network 020,CSE-19,Energy-ER Grid SOC,Energy,Low,Network,2026-09-17T22:16:00
AST-CSE-19-021,Energy-ER Grid SOC Cloud 021,CSE-19,Energy-ER Grid SOC,Energy,Critical,Cloud,
AST-CSE-19-022,Energy-ER Grid SOC Server 022,CSE-19,Energy-ER Grid SOC,Energy,High,Server,2026-09-17T03:19:00
AST-CSE-19-023,Energy-ER Grid SOC Cloud 023,CSE-19,Energy-ER Grid SOC,Energy,Medium,Cloud,2026-09-19T13:36:00
AST-CSE-19-024,Energy-ER Grid SOC DC 024,CSE-19,Energy-ER Grid SOC,Energy,Low,DC,2026-09-19T01:55:00
AST-CSE-19-025,Energy-ER Grid SOC Server 025,CSE-19,Energy-ER Grid SOC,Energy,Medium,Server,2026-09-19T05:31:00
AST-CSE-19-026,Energy-ER Grid SOC Workstation 026,CSE-19,Energy-ER Grid SOC,Energy,Medium,Workstation,2026-09-18T08:44:00
AST-CSE-19-027,Energy-ER Grid SOC Workstation 027,CSE-19,Energy-ER Grid SOC,Energy,Low,Workstation,2026-09-15T08:47:00
AST-CSE-19-028,Energy-ER Grid SOC Workstation 028,CSE-19,Energy-ER Grid SOC,Energy,Medium,Workstation,2026-09-20T02:38:00
AST-CSE-19-029,Energy-ER Grid SOC Server 029,CSE-19,Energy-ER Grid SOC,Energy,Medium,Server,2026-09-16T11:29:00
AST-CSE-19-030,Energy-ER Grid SOC Network 030,CSE-19,Energy-ER Grid SOC,Energy,Critical,Network,2026-09-19T03:37:00
AST-CSE-19-031,Energy-ER Grid SOC Network 031,CSE-19,Energy-ER Grid SOC,Energy,Medium,Network,2026-09-19T09:33:00
AST-CSE-19-032,Energy-ER Grid SOC Network 032,CSE-19,Energy-ER Grid SOC,Energy,Medium,Network,2026-09-16T09:52:00
AST-CSE-19-033,Energy-ER Grid SOC Server 033,CSE-19,Energy-ER Grid SOC,Energy,High,Server,2026-09-16T19:44:00
AST-CSE-19-034,Energy-ER Grid SOC Cloud 034,CSE-19,Energy-ER Grid SOC,Energy,Medium,Cloud,2026-09-17T19:04:00
AST-CSE-19-035,Energy-ER Grid SOC Server 035,CSE-19,Energy-ER Grid SOC,Energy,High,Server,2026-09-17T11:35:00
AST-CSE-19-036,Energy-ER Grid SOC OT 036,CSE-19,Energy-ER Grid SOC,Energy,Low,OT,2026-09-18T12:29:00
AST-CSE-19-037,Energy-ER Grid SOC Cloud 037,CSE-19,Energy-ER Grid SOC,Energy,High,Cloud,2026-09-19T01:38:00
AST-CSE-19-038,Energy-ER Grid SOC Cloud 038,CSE-19,Energy-ER Grid SOC,Energy,Critical,Cloud,2026-09-18T02:40:00
AST-CSE-19-039,Energy-ER Grid SOC Cloud 039,CSE-19,Energy-ER Grid SOC,Energy,High,Cloud,2026-09-13T03:48:00
AST-CSE-19-040,Energy-ER Grid SOC DC 040,CSE-19,Energy-ER Grid SOC,Energy,Low,DC,2026-09-20T07:57:00
AST-CSE-03-001,Telecom Core NOC DC 001,CSE-03,Telecom Core NOC,Telecom,High,DC,2026-09-18T10:34:00
AST-CSE-03-002,Telecom Core NOC Workstation 002,CSE-03,Telecom Core NOC,Telecom,Critical,Workstation,2026-09-18T02:22:00
AST-CSE-03-003,Telecom Core NOC DC 003,CSE-03,Telecom Core NOC,Telecom,Medium,DC,2026-09-19T01:19:00
AST-CSE-03-004,Telecom Core NOC Network 004,CSE-03,Telecom Core NOC,Telecom,Medium,Network,2026-09-13T15:02:00
AST-CSE-03-005,Telecom Core NOC DC 005,CSE-03,Telecom Core NOC,Telecom,High,DC,2026-09-19T06:00:00
AST-CSE-03-006,Telecom Core NOC DC 006,CSE-03,Telecom Core NOC,Telecom,Medium,DC,2026-09-19T15:11:00
AST-CSE-03-007,Telecom Core NOC Network 007,CSE-03,Telecom Core NOC,Telecom,Medium,Network,2026-09-20T02:48:00
AST-CSE-03-008,Telecom Core NOC DC 008,CSE-03,Telecom Core NOC,Telecom,Low,DC,2026-09-13T15:50:00
AST-CSE-03-009,Telecom Core NOC Network 009,CSE-03,Telecom Core NOC,Telecom,Medium,Network,2026-09-20T11:17:00
AST-CSE-03-010,Telecom Core NOC Workstation 010,CSE-03,Telecom Core NOC,Telecom,Low,Workstation,2026-09-20T08:26:00
AST-CSE-03-011,Telecom Core NOC Cloud 011,CSE-03,Telecom Core NOC,Telecom,Medium,Cloud,2026-09-19T14:43:00
AST-CSE-03-012,Telecom Core NOC Network 012,CSE-03,Telecom Core NOC,Telecom,Medium,Network,2026-09-19T23:25:00
AST-CSE-03-013,Telecom Core NOC Workstation 013,CSE-03,Telecom Core NOC,Telecom,Critical,Workstation,2026-09-20T11:05:00
AST-CSE-03-014,Telecom Core NOC Workstation 014,CSE-03,Telecom Core NOC,Telecom,Critical,Workstation,2026-09-14T19:27:00
AST-CSE-03-015,Telecom Core NOC DC 015,CSE-03,Telecom Core NOC,Telecom,Critical,DC,2026-09-12T20:13:00
AST-CSE-03-016,Telecom Core NOC Network 016,CSE-03,Telecom Core NOC,Telecom,High,Network,2026-09-20T00:04:00
AST-CSE-03-017,Telecom Core NOC Network 017,CSE-03,Telecom Core NOC,Telecom,Medium,Network,2026-09-18T03:35:00
AST-CSE-03-018,Telecom Core NOC DC 018,CSE-03,Telecom Core NOC,Telecom,Critical,DC,2026-09-19T16:54:00
AST-CSE-03-019,Telecom Core NOC OT 019,CSE-03,Telecom Core NOC,Telecom,Low,OT,2026-09-18T13:48:00
AST-CSE-03-020,Telecom Core NOC Network 020,CSE-03,Telecom Core NOC,Telecom,Medium,Network,2026-09-20T05:53:00
AST-CSE-03-021,Telecom Core NOC Cloud 021,CSE-03,Telecom Core NOC,Telecom,Critical,Cloud,2026-09-18T09:25:00
AST-CSE-03-022,Telecom Core NOC Server 022,CSE-03,Telecom Core NOC,Telecom,Low,Server,2026-09-17T17:03:00
AST-CSE-03-023,Telecom Core NOC Workstation 023,CSE-03,Telecom Core NOC,Telecom,High,Workstation,2026-09-19T08:28:00
AST-CSE-03-024,Telecom Core NOC Workstation 024,CSE-03,Telecom Core NOC,Telecom,Low,Workstation,2026-09-16T08:57:00
AST-CSE-03-025,Telecom Core NOC Cloud 025,CSE-03,Telecom Core NOC,Telecom,Low,Cloud,2026-09-17T11:52:00
AST-CSE-03-026,Telecom Core NOC DC 026,CSE-03,Telecom Core NOC,Telecom,Medium,DC,2026-09-14T08:38:00
AST-CSE-03-027,Telecom Core NOC Cloud 027,CSE-03,Telecom Core NOC,Telecom,Medium,Cloud,2026-09-19T21:07:00
AST-CSE-03-028,Telecom Core NOC OT 028,CSE-03,Telecom Core NOC,Telecom,Medium,OT,2026-09-19T00:44:00
AST-CSE-03-029,Telecom Core NOC Server 029,CSE-03,Telecom Core NOC,Telecom,Low,Server,2026-09-17T02:35:00
AST-CSE-03-030,Telecom Core NOC OT 030,CSE-03,Telecom Core NOC,Telecom,Medium,OT,2026-09-14T04:33:00
AST-CSE-03-031,Telecom Core NOC Server 031,CSE-03,Telecom Core NOC,Telecom,High,Server,2026-09-18T03:26:00
AST-CSE-03-032,Telecom Core NOC Network 032,CSE-03,Telecom Core NOC,Telecom,High,Network,2026-09-20T00:41:00
AST-CSE-03-033,Telecom Core NOC DC 033,CSE-03,Telecom Core NOC,Telecom,Medium,DC,2026-09-16T00:26:00
AST-CSE-03-034,Telecom Core NOC Cloud 034,CSE-03,Telecom Core NOC,Telecom,Critical,Cloud,2026-09-18T21:28:00
AST-CSE-03-035,Telecom Core NOC Server 035,CSE-03,Telecom Core NOC,Telecom,Low,Server,2026-09-17T01:24:00
AST-CSE-03-036,Telecom Core NOC OT 036,CSE-03,Telecom Core NOC,Telecom,High,OT,2026-09-20T06:07:00
AST-CSE-03-037,Telecom Core NOC Server 037,CSE-03,Telecom Core NOC,Telecom,Low,Server,2026-09-17T17:52:00
AST-CSE-03-038,Telecom Core NOC Workstation 038,CSE-03,Telecom Core NOC,Telecom,Low,Workstation,2026-09-20T05:48:00
AST-CSE-03-039,Telecom Core NOC Network 039,CSE-03,Telecom Core NOC,Telecom,Critical,Network,2026-09-08T05:01:00
AST-CSE-03-040,Telecom Core NOC Cloud 040,CSE-03,Telecom Core NOC,Telecom,Low,Cloud,2026-09-18T23:34:00
AST-CSE-22-001,Power-East Transmission Cloud 001,CSE-22,Power-East Transmission,Power,Critical,Cloud,2026-09-18T19:05:00
AST-CSE-22-002,Power-East Transmission Workstation 002,CSE-22,Power-East Transmission,Power,Low,Workstation,2026-09-20T07:20:00
AST-CSE-22-003,Power-East Transmission Workstation 003,CSE-22,Power-East Transmission,Power,Critical,Workstation,2026-09-14T10:47:00
AST-CSE-22-004,Power-East Transmission Cloud 004,CSE-22,Power-East Transmission,Power,Medium,Cloud,2026-09-19T23:11:00
AST-CSE-22-005,Power-East Transmission Server 005,CSE-22,Power-East Transmission,Power,Low,Server,2026-09-19T13:50:00
AST-CSE-22-006,Power-East Transmission Server 006,CSE-22,Power-East Transmission,Power,Critical,Server,2026-09-19T18:07:00
AST-CSE-22-007,Power-East Transmission OT 007,CSE-22,Power-East Transmission,Power,High,OT,2026-09-12T04:01:00
AST-CSE-22-008,Power-East Transmission Server 008,CSE-22,Power-East Transmission,Power,High,Server,2026-09-17T01:19:00
AST-CSE-22-009,Power-East Transmission OT 009,CSE-22,Power-East Transmission,Power,Critical,OT,2026-09-17T21:49:00
AST-CSE-22-010,Power-East Transmission Server 010,CSE-22,Power-East Transmission,Power,High,Server,2026-09-10T21:33:00
AST-CSE-22-011,Power-East Transmission Network 011,CSE-22,Power-East Transmission,Power,Low,Network,2026-09-18T12:05:00
AST-CSE-22-012,Power-East Transmission Workstation 012,CSE-22,Power-East Transmission,Power,Medium,Workstation,2026-09-16T01:05:00
AST-CSE-22-013,Power-East Transmission Workstation 013,CSE-22,Power-East Transmission,Power,High,Workstation,2026-09-14T19:13:00
AST-CSE-22-014,Power-East Transmission OT 014,CSE-22,Power-East Transmission,Power,Medium,OT,2026-09-19T08:05:00
AST-CSE-22-015,Power-East Transmission DC 015,CSE-22,Power-East Transmission,Power,Critical,DC,2026-09-19T14:51:00
AST-CSE-22-016,Power-East Transmission DC 016,CSE-22,Power-East Transmission,Power,Critical,DC,2026-09-15T11:25:00
AST-CSE-22-017,Power-East Transmission OT 017,CSE-22,Power-East Transmission,Power,Low,OT,2026-09-18T04:47:00
AST-CSE-22-018,Power-East Transmission DC 018,CSE-22,Power-East Transmission,Power,Low,DC,2026-09-19T20:07:00
AST-CSE-22-019,Power-East Transmission DC 019,CSE-22,Power-East Transmission,Power,Low,DC,2026-09-14T19:50:00
AST-CSE-22-020,Power-East Transmission OT 020,CSE-22,Power-East Transmission,Power,Low,OT,2026-09-18T22:16:00
AST-CSE-22-021,Power-East Transmission Server 021,CSE-22,Power-East Transmission,Power,High,Server,2026-09-16T11:40:00
AST-CSE-22-022,Power-East Transmission OT 022,CSE-22,Power-East Transmission,Power,High,OT,2026-09-15T20:08:00
AST-CSE-22-023,Power-East Transmission Network 023,CSE-22,Power-East Transmission,Power,Medium,Network,2026-09-11T22:37:00
AST-CSE-22-024,Power-East Transmission Cloud 024,CSE-22,Power-East Transmission,Power,Low,Cloud,2026-09-20T06:13:00
AST-CSE-22-025,Power-East Transmission Server 025,CSE-22,Power-East Transmission,Power,Low,Server,2026-09-19T00:59:00
AST-CSE-22-026,Power-East Transmission Cloud 026,CSE-22,Power-East Transmission,Power,Medium,Cloud,2026-09-10T06:28:00
AST-CSE-22-027,Power-East Transmission DC 027,CSE-22,Power-East Transmission,Power,Low,DC,2026-08-31T21:51:00
AST-CSE-22-028,Power-East Transmission OT 028,CSE-22,Power-East Transmission,Power,Low,OT,2026-09-17T06:33:00
AST-CSE-11-001,Transport Rail OCC Workstation 001,CSE-11,Transport Rail OCC,Transport,Low,Workstation,2026-08-22T00:36:00
AST-CSE-11-002,Transport Rail OCC Server 002,CSE-11,Transport Rail OCC,Transport,Low,Server,2026-09-19T19:01:00
AST-CSE-11-003,Transport Rail OCC Network 003,CSE-11,Transport Rail OCC,Transport,Medium,Network,
AST-CSE-11-004,Transport Rail OCC DC 004,CSE-11,Transport Rail OCC,Transport,Medium,DC,2026-08-31T22:29:00
AST-CSE-11-005,Transport Rail OCC Network 005,CSE-11,Transport Rail OCC,Transport,Critical,Network,2026-09-09T00:42:00
AST-CSE-11-006,Transport Rail OCC Cloud 006,CSE-11,Transport Rail OCC,Transport,Medium,Cloud,2026-09-09T00:22:00
AST-CSE-11-007,Transport Rail OCC Network 007,CSE-11,Transport Rail OCC,Transport,High,Network,2026-08-22T20:01:00
AST-CSE-11-008,Transport Rail OCC Network 008,CSE-11,Transport Rail OCC,Transport,High,Network,2026-09-07T21:57:00
AST-CSE-11-009,Transport Rail OCC DC 009,CSE-11,Transport Rail OCC,Transport,Critical,DC,
AST-CSE-11-010,Transport Rail OCC DC 010,CSE-11,Transport Rail OCC,Transport,High,DC,2026-09-14T18:50:00
AST-CSE-11-011,Transport Rail OCC Cloud 011,CSE-11,Transport Rail OCC,Transport,High,Cloud,2026-09-13T20:35:00
AST-CSE-11-012,Transport Rail OCC DC 012,CSE-11,Transport Rail OCC,Transport,Medium,DC,2026-09-16T01:26:00
AST-CSE-11-013,Transport Rail OCC Workstation 013,CSE-11,Transport Rail OCC,Transport,Medium,Workstation,2026-09-12T19:21:00
AST-CSE-11-014,Transport Rail OCC Workstation 014,CSE-11,Transport Rail OCC,Transport,High,Workstation,
AST-CSE-11-015,Transport Rail OCC Cloud 015,CSE-11,Transport Rail OCC,Transport,High,Cloud,2026-08-30T00:14:00
AST-CSE-11-016,Transport Rail OCC DC 016,CSE-11,Transport Rail OCC,Transport,Medium,DC,2026-09-19T00:55:00
AST-CSE-11-017,Transport Rail OCC Server 017,CSE-11,Transport Rail OCC,Transport,Medium,Server,2026-09-06T02:01:00
AST-CSE-11-018,Transport Rail OCC Server 018,CSE-11,Transport Rail OCC,Transport,Medium,Server,
AST-CSE-11-019,Transport Rail OCC Server 019,CSE-11,Transport Rail OCC,Transport,Low,Server,2026-09-10T00:38:00
AST-CSE-11-020,Transport Rail OCC Server 020,CSE-11,Transport Rail OCC,Transport,Low,Server,
AST-CSE-11-021,Transport Rail OCC Server 021,CSE-11,Transport Rail OCC,Transport,Medium,Server,
AST-CSE-11-022,Transport Rail OCC OT 022,CSE-11,Transport Rail OCC,Transport,High,OT,2026-09-17T00:03:00
AST-CSE-11-023,Transport Rail OCC DC 023,CSE-11,Transport Rail OCC,Transport,Critical,DC,
AST-CSE-11-024,Transport Rail OCC Server 024,CSE-11,Transport Rail OCC,Transport,High,Server,2026-08-28T20:42:00
AST-CSE-11-025,Transport Rail OCC OT 025,CSE-11,Transport Rail OCC,Transport,Low,OT,
AST-CSE-11-026,Transport Rail OCC Server 026,CSE-11,Transport Rail OCC,Transport,Medium,Server,
AST-CSE-11-027,Transport Rail OCC Workstation 027,CSE-11,Transport Rail OCC,Transport,Low,Workstation,2026-09-17T18:49:00
AST-CSE-11-028,Transport Rail OCC Network 028,CSE-11,Transport Rail OCC,Transport,Medium,Network,2026-09-12T18:42:00
AST-CSE-14-001,Oil & Gas Pipeline Cloud 001,CSE-14,Oil & Gas Pipeline,Energy,High,Cloud,2026-09-19T05:23:00
AST-CSE-14-002,Oil & Gas Pipeline Workstation 002,CSE-14,Oil & Gas Pipeline,Energy,Medium,Workstation,2026-09-16T19:18:00
AST-CSE-14-003,Oil & Gas Pipeline OT 003,CSE-14,Oil & Gas Pipeline,Energy,Medium,OT,2026-09-17T14:02:00
AST-CSE-14-004,Oil & Gas Pipeline Workstation 004,CSE-14,Oil & Gas Pipeline,Energy,Low,Workstation,2026-09-20T02:53:00
AST-CSE-14-005,Oil & Gas Pipeline DC 005,CSE-14,Oil & Gas Pipeline,Energy,High,DC,2026-09-18T17:04:00
AST-CSE-14-006,Oil & Gas Pipeline Cloud 006,CSE-14,Oil & Gas Pipeline,Energy,Medium,Cloud,2026-09-20T07:59:00
AST-CSE-14-007,Oil & Gas Pipeline Network 007,CSE-14,Oil & Gas Pipeline,Energy,Critical,Network,2026-09-19T14:01:00
AST-CSE-14-008,Oil & Gas Pipeline OT 008,CSE-14,Oil & Gas Pipeline,Energy,High,OT,2026-09-16T13:45:00
AST-CSE-14-009,Oil & Gas Pipeline Cloud 009,CSE-14,Oil & Gas Pipeline,Energy,Medium,Cloud,2026-09-19T04:08:00
AST-CSE-14-010,Oil & Gas Pipeline Cloud 010,CSE-14,Oil & Gas Pipeline,Energy,Low,Cloud,2026-09-17T11:06:00
AST-CSE-14-011,Oil & Gas Pipeline Server 011,CSE-14,Oil & Gas Pipeline,Energy,Critical,Server,2026-09-20T05:33:00
AST-CSE-14-012,Oil & Gas Pipeline Server 012,CSE-14,Oil & Gas Pipeline,Energy,Critical,Server,2026-09-10T20:40:00
AST-CSE-14-013,Oil & Gas Pipeline Server 013,CSE-14,Oil & Gas Pipeline,Energy,Low,Server,2026-09-19T10:41:00
AST-CSE-14-014,Oil & Gas Pipeline Server 014,CSE-14,Oil & Gas Pipeline,Energy,High,Server,2026-09-19T17:03:00
AST-CSE-14-015,Oil & Gas Pipeline DC 015,CSE-14,Oil & Gas Pipeline,Energy,High,DC,2026-09-16T13:52:00
AST-CSE-14-016,Oil & Gas Pipeline Workstation 016,CSE-14,Oil & Gas Pipeline,Energy,High,Workstation,2026-09-20T01:38:00
AST-CSE-14-017,Oil & Gas Pipeline DC 017,CSE-14,Oil & Gas Pipeline,Energy,Low,DC,2026-09-19T14:27:00
AST-CSE-14-018,Oil & Gas Pipeline DC 018,CSE-14,Oil & Gas Pipeline,Energy,Low,DC,2026-09-18T07:05:00
AST-CSE-14-019,Oil & Gas Pipeline DC 019,CSE-14,Oil & Gas Pipeline,Energy,Medium,DC,2026-09-19T20:33:00
AST-CSE-14-020,Oil & Gas Pipeline Network 020,CSE-14,Oil & Gas Pipeline,Energy,Medium,Network,2026-09-16T16:03:00
AST-CSE-14-021,Oil & Gas Pipeline Cloud 021,CSE-14,Oil & Gas Pipeline,Energy,Medium,Cloud,2026-09-10T13:47:00
AST-CSE-14-022,Oil & Gas Pipeline DC 022,CSE-14,Oil & Gas Pipeline,Energy,High,DC,2026-09-19T07:05:00
AST-CSE-14-023,Oil & Gas Pipeline OT 023,CSE-14,Oil & Gas Pipeline,Energy,Critical,OT,2026-09-16T15:24:00
AST-CSE-14-024,Oil & Gas Pipeline Workstation 024,CSE-14,Oil & Gas Pipeline,Energy,High,Workstation,2026-09-02T02:09:00
AST-CSE-14-025,Oil & Gas Pipeline Server 025,CSE-14,Oil & Gas Pipeline,Energy,High,Server,2026-09-19T22:56:00
AST-CSE-14-026,Oil & Gas Pipeline OT 026,CSE-14,Oil & Gas Pipeline,Energy,Medium,OT,2026-09-18T19:06:00
AST-CSE-14-027,Oil & Gas Pipeline OT 027,CSE-14,Oil & Gas Pipeline,Energy,Medium,OT,2026-09-20T03:00:00
AST-CSE-14-028,Oil & Gas Pipeline Network 028,CSE-14,Oil & Gas Pipeline,Energy,Medium,Network,2026-09-19T20:47:00
AST-CSE-05-001,Healthcare-N EMR Cloud 001,CSE-05,Healthcare-N EMR,Healthcare,Low,Cloud,2026-09-18T19:47:00
AST-CSE-05-002,Healthcare-N EMR Server 002,CSE-05,Healthcare-N EMR,Healthcare,Low,Server,2026-09-17T22:33:00
AST-CSE-05-003,Healthcare-N EMR DC 003,CSE-05,Healthcare-N EMR,Healthcare,Medium,DC,2026-09-13T21:10:00
AST-CSE-05-004,Healthcare-N EMR Cloud 004,CSE-05,Healthcare-N EMR,Healthcare,High,Cloud,2026-09-15T12:56:00
AST-CSE-05-005,Healthcare-N EMR OT 005,CSE-05,Healthcare-N EMR,Healthcare,Critical,OT,2026-09-17T11:49:00
AST-CSE-05-006,Healthcare-N EMR DC 006,CSE-05,Healthcare-N EMR,Healthcare,Medium,DC,2026-09-15T23:42:00
AST-CSE-05-007,Healthcare-N EMR Server 007,CSE-05,Healthcare-N EMR,Healthcare,High,Server,2026-09-18T02:57:00
AST-CSE-05-008,Healthcare-N EMR Workstation 008,CSE-05,Healthcare-N EMR,Healthcare,Medium,Workstation,2026-09-16T08:19:00
AST-CSE-05-009,Healthcare-N EMR OT 009,CSE-05,Healthcare-N EMR,Healthcare,Medium,OT,2026-09-16T19:00:00
AST-CSE-05-010,Healthcare-N EMR DC 010,CSE-05,Healthcare-N EMR,Healthcare,Medium,DC,2026-09-20T07:37:00
AST-CSE-05-011,Healthcare-N EMR Server 011,CSE-05,Healthcare-N EMR,Healthcare,Medium,Server,2026-09-17T23:27:00
AST-CSE-05-012,Healthcare-N EMR DC 012,CSE-05,Healthcare-N EMR,Healthcare,High,DC,2026-09-17T22:17:00
AST-CSE-05-013,Healthcare-N EMR Server 013,CSE-05,Healthcare-N EMR,Healthcare,Medium,Server,2026-09-18T01:13:00
AST-CSE-05-014,Healthcare-N EMR Network 014,CSE-05,Healthcare-N EMR,Healthcare,High,Network,2026-09-17T16:12:00
AST-CSE-05-015,Healthcare-N EMR Network 015,CSE-05,Healthcare-N EMR,Healthcare,Critical,Network,2026-09-17T07:12:00
AST-CSE-05-016,Healthcare-N EMR Server 016,CSE-05,Healthcare-N EMR,Healthcare,Medium,Server,2026-09-14T20:42:00
AST-CSE-05-017,Healthcare-N EMR Server 017,CSE-05,Healthcare-N EMR,Healthcare,Medium,Server,2026-09-19T18:49:00
AST-CSE-05-018,Healthcare-N EMR Workstation 018,CSE-05,Healthcare-N EMR,Healthcare,Medium,Workstation,2026-09-15T01:19:00
AST-CSE-05-019,Healthcare-N EMR Cloud 019,CSE-05,Healthcare-N EMR,Healthcare,High,Cloud,2026-09-19T09:07:00
AST-CSE-05-020,Healthcare-N EMR DC 020,CSE-05,Healthcare-N EMR,Healthcare,High,DC,2026-09-20T03:37:00
AST-CSE-05-021,Healthcare-N EMR DC 021,CSE-05,Healthcare-N EMR,Healthcare,Medium,DC,2026-09-19T10:48:00
AST-CSE-05-022,Healthcare-N EMR Network 022,CSE-05,Healthcare-N EMR,Healthcare,Medium,Network,2026-09-18T10:00:00
AST-CSE-05-023,Healthcare-N EMR Server 023,CSE-05,Healthcare-N EMR,Healthcare,High,Server,2026-09-16T01:21:00
AST-CSE-05-024,Healthcare-N EMR Workstation 024,CSE-05,Healthcare-N EMR,Healthcare,High,Workstation,2026-09-18T07:48:00
AST-CSE-05-025,Healthcare-N EMR OT 025,CSE-05,Healthcare-N EMR,Healthcare,Low,OT,2026-09-18T10:43:00
AST-CSE-05-026,Healthcare-N EMR DC 026,CSE-05,Healthcare-N EMR,Healthcare,High,DC,2026-09-18T18:15:00
AST-CSE-05-027,Healthcare-N EMR Server 027,CSE-05,Healthcare-N EMR,Healthcare,High,Server,2026-09-20T04:16:00
AST-CSE-05-028,Healthcare-N EMR Workstation 028,CSE-05,Healthcare-N EMR,Healthcare,High,Workstation,2026-09-19T07:09:00
AST-CSE-21-001,Strategic Facility Workstation 001,CSE-21,Strategic Facility,Strategic,Low,Workstation,2026-09-14T10:43:00
AST-CSE-21-002,Strategic Facility Server 002,CSE-21,Strategic Facility,Strategic,Low,Server,2026-09-15T20:06:00
AST-CSE-21-003,Strategic Facility OT 003,CSE-21,Strategic Facility,Strategic,Low,OT,2026-09-14T11:28:00
AST-CSE-21-004,Strategic Facility Network 004,CSE-21,Strategic Facility,Strategic,High,Network,2026-09-18T13:57:00
AST-CSE-21-005,Strategic Facility OT 005,CSE-21,Strategic Facility,Strategic,Medium,OT,2026-09-18T05:24:00
AST-CSE-21-006,Strategic Facility OT 006,CSE-21,Strategic Facility,Strategic,High,OT,2026-09-19T06:53:00
AST-CSE-21-007,Strategic Facility OT 007,CSE-21,Strategic Facility,Strategic,Medium,OT,2026-09-13T07:14:00
AST-CSE-21-008,Strategic Facility DC 008,CSE-21,Strategic Facility,Strategic,Medium,DC,2026-09-17T17:28:00
AST-CSE-21-009,Strategic Facility Workstation 009,CSE-21,Strategic Facility,Strategic,Low,Workstation,2026-09-15T02:54:00
AST-CSE-21-010,Strategic Facility OT 010,CSE-21,Strategic Facility,Strategic,Medium,OT,2026-09-19T17:37:00
AST-CSE-21-011,Strategic Facility OT 011,CSE-21,Strategic Facility,Strategic,High,OT,2026-09-18T23:05:00
AST-CSE-21-012,Strategic Facility OT 012,CSE-21,Strategic Facility,Strategic,Critical,OT,2026-09-19T00:25:00
AST-CSE-21-013,Strategic Facility OT 013,CSE-21,Strategic Facility,Strategic,Medium,OT,2026-09-13T22:00:00
AST-CSE-21-014,Strategic Facility Workstation 014,CSE-21,Strategic Facility,Strategic,Medium,Workstation,2026-09-20T07:04:00
AST-CSE-21-015,Strategic Facility Network 015,CSE-21,Strategic Facility,Strategic,High,Network,2026-09-18T00:35:00
AST-CSE-21-016,Strategic Facility OT 016,CSE-21,Strategic Facility,Strategic,Low,OT,2026-09-20T00:09:00
AST-CSE-02-001,Telecom-South RAN DC 001,CSE-02,Telecom-South RAN,Telecom,High,DC,2026-09-17T10:50:00
AST-CSE-02-002,Telecom-South RAN OT 002,CSE-02,Telecom-South RAN,Telecom,Critical,OT,2026-09-19T00:41:00
AST-CSE-02-003,Telecom-South RAN Network 003,CSE-02,Telecom-South RAN,Telecom,High,Network,2026-09-20T08:04:00
AST-CSE-02-004,Telecom-South RAN Network 004,CSE-02,Telecom-South RAN,Telecom,Medium,Network,2026-09-17T16:52:00
AST-CSE-02-005,Telecom-South RAN Server 005,CSE-02,Telecom-South RAN,Telecom,High,Server,2026-09-15T05:13:00
AST-CSE-02-006,Telecom-South RAN OT 006,CSE-02,Telecom-South RAN,Telecom,Low,OT,2026-09-20T02:16:00
AST-CSE-02-007,Telecom-South RAN OT 007,CSE-02,Telecom-South RAN,Telecom,High,OT,2026-09-16T18:07:00
AST-CSE-02-008,Telecom-South RAN OT 008,CSE-02,Telecom-South RAN,Telecom,Medium,OT,2026-09-20T08:21:00
AST-CSE-02-009,Telecom-South RAN DC 009,CSE-02,Telecom-South RAN,Telecom,Low,DC,2026-09-19T20:13:00
AST-CSE-02-010,Telecom-South RAN DC 010,CSE-02,Telecom-South RAN,Telecom,Medium,DC,2026-09-16T02:47:00
AST-CSE-02-011,Telecom-South RAN Network 011,CSE-02,Telecom-South RAN,Telecom,Low,Network,2026-09-18T09:46:00
AST-CSE-02-012,Telecom-South RAN Workstation 012,CSE-02,Telecom-South RAN,Telecom,Medium,Workstation,2026-09-17T08:36:00
AST-CSE-02-013,Telecom-South RAN DC 013,CSE-02,Telecom-South RAN,Telecom,High,DC,2026-09-17T17:37:00
AST-CSE-02-014,Telecom-South RAN DC 014,CSE-02,Telecom-South RAN,Telecom,Low,DC,2026-09-18T07:14:00
AST-CSE-02-015,Telecom-South RAN DC 015,CSE-02,Telecom-South RAN,Telecom,Medium,DC,2026-09-19T11:47:00
AST-CSE-02-016,Telecom-South RAN Server 016,CSE-02,Telecom-South RAN,Telecom,Medium,Server,2026-09-14T18:56:00
AST-CSE-02-017,Telecom-South RAN DC 017,CSE-02,Telecom-South RAN,Telecom,Low,DC,2026-09-17T20:44:00
AST-CSE-02-018,Telecom-South RAN Network 018,CSE-02,Telecom-South RAN,Telecom,Medium,Network,2026-09-17T02:14:00
AST-CSE-02-019,Telecom-South RAN OT 019,CSE-02,Telecom-South RAN,Telecom,Medium,OT,2026-09-18T03:15:00
AST-CSE-02-020,Telecom-South RAN OT 020,CSE-02,Telecom-South RAN,Telecom,Medium,OT,2026-09-11T17:10:00
AST-CSE-02-021,Telecom-South RAN Cloud 021,CSE-02,Telecom-South RAN,Telecom,High,Cloud,2026-09-20T03:29:00
AST-CSE-02-022,Telecom-South RAN DC 022,CSE-02,Telecom-South RAN,Telecom,Low,DC,2026-09-19T21:13:00
AST-CSE-02-023,Telecom-South RAN Network 023,CSE-02,Telecom-South RAN,Telecom,High,Network,2026-09-04T07:27:00
AST-CSE-02-024,Telecom-South RAN OT 024,CSE-02,Telecom-South RAN,Telecom,High,OT,2026-09-17T07:55:00
AST-CSE-02-025,Telecom-South RAN Network 025,CSE-02,Telecom-South RAN,Telecom,Low,Network,2026-09-18T13:49:00
AST-CSE-02-026,Telecom-South RAN OT 026,CSE-02,Telecom-South RAN,Telecom,High,OT,2026-09-20T05:41:00
AST-CSE-02-027,Telecom-South RAN Cloud 027,CSE-02,Telecom-South RAN,Telecom,Low,Cloud,2026-09-15T03:00:00
AST-CSE-02-028,Telecom-South RAN Workstation 028,CSE-02,Telecom-South RAN,Telecom,Medium,Workstation,2026-09-11T07:19:00
AST-CSE-09-001,Healthcare-East Labs Cloud 001,CSE-09,Healthcare-East Labs,Healthcare,Low,Cloud,2026-09-17T23:01:00
AST-CSE-09-002,Healthcare-East Labs Cloud 002,CSE-09,Healthcare-East Labs,Healthcare,Medium,Cloud,2026-09-18T00:11:00
AST-CSE-09-003,Healthcare-East Labs Network 003,CSE-09,Healthcare-East Labs,Healthcare,Low,Network,2026-09-15T19:50:00
AST-CSE-09-004,Healthcare-East Labs Server 004,CSE-09,Healthcare-East Labs,Healthcare,Medium,Server,2026-09-20T09:07:00
AST-CSE-09-005,Healthcare-East Labs Network 005,CSE-09,Healthcare-East Labs,Healthcare,High,Network,2026-09-20T05:32:00
AST-CSE-09-006,Healthcare-East Labs Workstation 006,CSE-09,Healthcare-East Labs,Healthcare,High,Workstation,2026-09-17T21:08:00
AST-CSE-09-007,Healthcare-East Labs Workstation 007,CSE-09,Healthcare-East Labs,Healthcare,Medium,Workstation,2026-09-16T00:00:00
AST-CSE-09-008,Healthcare-East Labs DC 008,CSE-09,Healthcare-East Labs,Healthcare,Low,DC,2026-09-16T22:23:00
AST-CSE-09-009,Healthcare-East Labs DC 009,CSE-09,Healthcare-East Labs,Healthcare,Low,DC,2026-09-19T16:39:00
AST-CSE-09-010,Healthcare-East Labs DC 010,CSE-09,Healthcare-East Labs,Healthcare,Medium,DC,2026-09-19T14:06:00
AST-CSE-09-011,Healthcare-East Labs Cloud 011,CSE-09,Healthcare-East Labs,Healthcare,Medium,Cloud,2026-09-18T23:30:00
AST-CSE-09-012,Healthcare-East Labs Server 012,CSE-09,Healthcare-East Labs,Healthcare,High,Server,2026-09-17T19:37:00
AST-CSE-09-013,Healthcare-East Labs Workstation 013,CSE-09,Healthcare-East Labs,Healthcare,High,Workstation,2026-09-19T02:11:00
AST-CSE-09-014,Healthcare-East Labs Network 014,CSE-09,Healthcare-East Labs,Healthcare,High,Network,2026-09-19T04:15:00
AST-CSE-09-015,Healthcare-East Labs Network 015,CSE-09,Healthcare-East Labs,Healthcare,Medium,Network,2026-09-20T06:38:00
AST-CSE-09-016,Healthcare-East Labs Network 016,CSE-09,Healthcare-East Labs,Healthcare,Low,Network,2026-09-19T12:13:00
AST-CSE-08-001,BFSI-West Payments Network 001,CSE-08,BFSI-West Payments,BFSI,Low,Network,2026-09-20T09:34:00
AST-CSE-08-002,BFSI-West Payments OT 002,CSE-08,BFSI-West Payments,BFSI,High,OT,2026-09-20T08:54:00
AST-CSE-08-003,BFSI-West Payments Network 003,CSE-08,BFSI-West Payments,BFSI,Critical,Network,2026-09-17T05:44:00
AST-CSE-08-004,BFSI-West Payments Cloud 004,CSE-08,BFSI-West Payments,BFSI,Medium,Cloud,2026-09-19T04:00:00
AST-CSE-08-005,BFSI-West Payments DC 005,CSE-08,BFSI-West Payments,BFSI,Medium,DC,2026-09-17T16:24:00
AST-CSE-08-006,BFSI-West Payments Cloud 006,CSE-08,BFSI-West Payments,BFSI,Critical,Cloud,2026-09-18T22:22:00
AST-CSE-08-007,BFSI-West Payments Cloud 007,CSE-08,BFSI-West Payments,BFSI,High,Cloud,2026-09-17T16:16:00
AST-CSE-08-008,BFSI-West Payments OT 008,CSE-08,BFSI-West Payments,BFSI,High,OT,2026-09-17T15:01:00
AST-CSE-08-009,BFSI-West Payments Server 009,CSE-08,BFSI-West Payments,BFSI,Medium,Server,2026-09-19T00:36:00
AST-CSE-08-010,BFSI-West Payments Network 010,CSE-08,BFSI-West Payments,BFSI,High,Network,2026-09-17T01:26:00
AST-CSE-08-011,BFSI-West Payments DC 011,CSE-08,BFSI-West Payments,BFSI,High,DC,2026-09-17T06:12:00
AST-CSE-08-012,BFSI-West Payments Server 012,CSE-08,BFSI-West Payments,BFSI,Critical,Server,2026-09-19T18:43:00
AST-CSE-08-013,BFSI-West Payments DC 013,CSE-08,BFSI-West Payments,BFSI,Medium,DC,2026-09-17T03:28:00
AST-CSE-08-014,BFSI-West Payments DC 014,CSE-08,BFSI-West Payments,BFSI,Medium,DC,2026-09-20T03:36:00
AST-CSE-08-015,BFSI-West Payments Cloud 015,CSE-08,BFSI-West Payments,BFSI,High,Cloud,2026-09-03T23:53:00
AST-CSE-08-016,BFSI-West Payments Cloud 016,CSE-08,BFSI-West Payments,BFSI,Critical,Cloud,2026-09-20T07:33:00
AST-CSE-08-017,BFSI-West Payments DC 017,CSE-08,BFSI-West Payments,BFSI,Low,DC,2026-09-17T14:53:00
AST-CSE-08-018,BFSI-West Payments Network 018,CSE-08,BFSI-West Payments,BFSI,Low,Network,2026-09-19T23:28:00
AST-CSE-08-019,BFSI-West Payments Cloud 019,CSE-08,BFSI-West Payments,BFSI,High,Cloud,2026-09-18T15:30:00
AST-CSE-08-020,BFSI-West Payments Network 020,CSE-08,BFSI-West Payments,BFSI,Low,Network,2026-09-19T17:40:00
AST-CSE-08-021,BFSI-West Payments Workstation 021,CSE-08,BFSI-West Payments,BFSI,Medium,Workstation,2026-09-18T04:34:00
AST-CSE-08-022,BFSI-West Payments Server 022,CSE-08,BFSI-West Payments,BFSI,Medium,Server,2026-09-19T08:36:00
AST-CSE-08-023,BFSI-West Payments Server 023,CSE-08,BFSI-West Payments,BFSI,Low,Server,2026-09-11T11:00:00
AST-CSE-08-024,BFSI-West Payments Network 024,CSE-08,BFSI-West Payments,BFSI,Medium,Network,2026-09-17T19:03:00
AST-CSE-08-025,BFSI-West Payments DC 025,CSE-08,BFSI-West Payments,BFSI,Critical,DC,2026-09-16T02:54:00
AST-CSE-08-026,BFSI-West Payments Workstation 026,CSE-08,BFSI-West Payments,BFSI,Critical,Workstation,2026-09-14T18:02:00
AST-CSE-08-027,BFSI-West Payments Server 027,CSE-08,BFSI-West Payments,BFSI,Low,Server,2026-09-13T09:30:00
AST-CSE-08-028,BFSI-West Payments DC 028,CSE-08,BFSI-West Payments,BFSI,Medium,DC,2026-09-18T23:27:00
AST-CSE-08-029,BFSI-West Payments Server 029,CSE-08,BFSI-West Payments,BFSI,Low,Server,2026-09-20T00:37:00
AST-CSE-08-030,BFSI-West Payments Server 030,CSE-08,BFSI-West Payments,BFSI,Medium,Server,2026-09-19T20:09:00
AST-CSE-08-031,BFSI-West Payments Workstation 031,CSE-08,BFSI-West Payments,BFSI,Low,Workstation,2026-09-18T03:40:00
AST-CSE-08-032,BFSI-West Payments Cloud 032,CSE-08,BFSI-West Payments,BFSI,Medium,Cloud,2026-09-20T10:19:00
AST-CSE-08-033,BFSI-West Payments Workstation 033,CSE-08,BFSI-West Payments,BFSI,Medium,Workstation,2026-09-19T17:21:00
AST-CSE-08-034,BFSI-West Payments OT 034,CSE-08,BFSI-West Payments,BFSI,Critical,OT,2026-09-19T14:30:00
AST-CSE-08-035,BFSI-West Payments Workstation 035,CSE-08,BFSI-West Payments,BFSI,Critical,Workstation,2026-09-19T15:54:00
AST-CSE-08-036,BFSI-West Payments Network 036,CSE-08,BFSI-West Payments,BFSI,Medium,Network,2026-09-18T16:50:00
AST-CSE-08-037,BFSI-West Payments Cloud 037,CSE-08,BFSI-West Payments,BFSI,Low,Cloud,2026-09-19T11:37:00
AST-CSE-08-038,BFSI-West Payments Workstation 038,CSE-08,BFSI-West Payments,BFSI,Medium,Workstation,2026-09-19T21:02:00
AST-CSE-08-039,BFSI-West Payments OT 039,CSE-08,BFSI-West Payments,BFSI,Medium,OT,2026-09-19T18:07:00
AST-CSE-08-040,BFSI-West Payments Cloud 040,CSE-08,BFSI-West Payments,BFSI,Medium,Cloud,2026-09-20T06:44:00
AST-CSE-16-001,Power-North Generation DC 001,CSE-16,Power-North Generation,Power,Medium,DC,2026-09-14T22:12:00
AST-CSE-16-002,Power-North Generation Workstation 002,CSE-16,Power-North Generation,Power,High,Workstation,2026-09-18T10:13:00
AST-CSE-16-003,Power-North Generation OT 003,CSE-16,Power-North Generation,Power,Medium,OT,2026-09-15T09:43:00
AST-CSE-16-004,Power-North Generation Workstation 004,CSE-16,Power-North Generation,Power,High,Workstation,2026-09-15T21:45:00
AST-CSE-16-005,Power-North Generation Network 005,CSE-16,Power-North Generation,Power,Critical,Network,2026-09-20T07:38:00
AST-CSE-16-006,Power-North Generation Server 006,CSE-16,Power-North Generation,Power,High,Server,2026-09-11T17:58:00
AST-CSE-16-007,Power-North Generation Server 007,CSE-16,Power-North Generation,Power,Medium,Server,2026-09-19T03:31:00
AST-CSE-16-008,Power-North Generation Network 008,CSE-16,Power-North Generation,Power,Low,Network,2026-09-19T23:16:00
AST-CSE-16-009,Power-North Generation OT 009,CSE-16,Power-North Generation,Power,Medium,OT,2026-09-19T21:33:00
AST-CSE-16-010,Power-North Generation DC 010,CSE-16,Power-North Generation,Power,Medium,DC,2026-09-19T05:52:00
AST-CSE-16-011,Power-North Generation OT 011,CSE-16,Power-North Generation,Power,Low,OT,2026-09-19T12:49:00
AST-CSE-16-012,Power-North Generation OT 012,CSE-16,Power-North Generation,Power,Critical,OT,2026-09-12T03:41:00
AST-CSE-16-013,Power-North Generation Cloud 013,CSE-16,Power-North Generation,Power,Medium,Cloud,2026-09-14T13:39:00
AST-CSE-16-014,Power-North Generation OT 014,CSE-16,Power-North Generation,Power,High,OT,2026-09-19T19:30:00
AST-CSE-16-015,Power-North Generation Workstation 015,CSE-16,Power-North Generation,Power,Medium,Workstation,2026-09-20T10:41:00
AST-CSE-16-016,Power-North Generation Cloud 016,CSE-16,Power-North Generation,Power,Medium,Cloud,2026-09-13T16:23:00
AST-CSE-16-017,Power-North Generation Cloud 017,CSE-16,Power-North Generation,Power,Critical,Cloud,2026-09-20T02:26:00
AST-CSE-16-018,Power-North Generation Workstation 018,CSE-16,Power-North Generation,Power,Medium,Workstation,2026-09-15T06:24:00
AST-CSE-16-019,Power-North Generation Network 019,CSE-16,Power-North Generation,Power,Medium,Network,2026-09-13T21:47:00
AST-CSE-16-020,Power-North Generation Workstation 020,CSE-16,Power-North Generation,Power,Medium,Workstation,2026-09-20T04:48:00
AST-CSE-16-021,Power-North Generation Server 021,CSE-16,Power-North Generation,Power,High,Server,2026-09-18T17:43:00
AST-CSE-16-022,Power-North Generation OT 022,CSE-16,Power-North Generation,Power,Medium,OT,2026-09-20T07:49:00
AST-CSE-16-023,Power-North Generation Workstation 023,CSE-16,Power-North Generation,Power,Critical,Workstation,2026-09-15T19:24:00
AST-CSE-16-024,Power-North Generation OT 024,CSE-16,Power-North Generation,Power,High,OT,2026-09-18T12:28:00
AST-CSE-16-025,Power-North Generation Network 025,CSE-16,Power-North Generation,Power,Medium,Network,2026-09-18T03:16:00
AST-CSE-16-026,Power-North Generation Network 026,CSE-16,Power-North Generation,Power,Medium,Network,2026-09-16T23:39:00
AST-CSE-16-027,Power-North Generation Server 027,CSE-16,Power-North Generation,Power,Medium,Server,2026-09-18T17:41:00
AST-CSE-16-028,Power-North Generation Workstation 028,CSE-16,Power-North Generation,Power,Medium,Workstation,2026-09-18T19:33:00
AST-CSE-16-029,Power-North Generation Server 029,CSE-16,Power-North Generation,Power,Medium,Server,2026-09-16T10:58:00
AST-CSE-16-030,Power-North Generation Workstation 030,CSE-16,Power-North Generation,Power,Medium,Workstation,2026-09-18T07:18:00
AST-CSE-16-031,Power-North Generation Cloud 031,CSE-16,Power-North Generation,Power,High,Cloud,2026-09-14T10:21:00
AST-CSE-16-032,Power-North Generation Workstation 032,CSE-16,Power-North Generation,Power,High,Workstation,2026-09-16T18:38:00
AST-CSE-16-033,Power-North Generation DC 033,CSE-16,Power-North Generation,Power,Medium,DC,2026-09-08T03:40:00
AST-CSE-16-034,Power-North Generation OT 034,CSE-16,Power-North Generation,Power,Critical,OT,2026-09-19T06:01:00
AST-CSE-16-035,Power-North Generation Cloud 035,CSE-16,Power-North Generation,Power,Medium,Cloud,2026-09-19T20:52:00
AST-CSE-16-036,Power-North Generation Server 036,CSE-16,Power-North Generation,Power,High,Server,2026-09-19T20:07:00
AST-CSE-16-037,Power-North Generation Workstation 037,CSE-16,Power-North Generation,Power,Medium,Workstation,2026-09-19T19:48:00
AST-CSE-16-038,Power-North Generation Workstation 038,CSE-16,Power-North Generation,Power,High,Workstation,2026-09-18T02:12:00
AST-CSE-16-039,Power-North Generation DC 039,CSE-16,Power-North Generation,Power,Medium,DC,2026-09-17T21:38:00
AST-CSE-16-040,Power-North Generation Server 040,CSE-16,Power-North Generation,Power,Low,Server,2026-09-09T08:27:00
