kind,entity_id,asset_id,analyst_id,alert_id,category
NS-01,CSE-07,AST-CSE-07-003,,,
NS-01,CSE-07,AST-CSE-07-004,,,
NS-01,CSE-07,AST-CSE-07-015,,,
NS-01,CSE-07,AST-CSE-07-016,,,
EG-03,CSE-07,,AN-CSE-07-01,,
EG-01,CSE-07,,,AL-000008,
EG-01,CSE-07,,,AL-000011,
EG-01,CSE-07,,,AL-000028,
EG-01,CSE-07,,,AL-000059,
EG-01,CSE-07,,,AL-000095,
EG-01,CSE-07,,,AL-000124,
EG-01,CSE-07,,,AL-000125,
EG-01,CSE-07,,,AL-000129,
EG-01,CSE-07,,,AL-000159,
EG-01,CSE-07,,,AL-000160,
EG-01,CSE-07,,,AL-000252,
EG-01,CSE-07,,,AL-000260,
EG-01,CSE-07,,,AL-000309,
EG-01,CSE-07,,,AL-000313,
EG-01,CSE-07,,,AL-000328,
EG-01,CSE-07,,,AL-000333,
EG-01,CSE-07,,,AL-000338,
EG-01,CSE-07,,,AL-000344,
EG-01,CSE-07,,,AL-000346,
EG-01,CSE-07,,,AL-000368,
EG-01,CSE-07,,,AL-000372,
NS-01,CSE-19,AST-CSE-19-002,,,
NS-01,CSE-19,AST-CSE-19-014,,,
NS-01,CSE-19,AST-CSE-19-018,,,
NS-01,CSE-19,AST-CSE-19-021,,,
EG-03,CSE-19,,AN-CSE-19-01,,
NS-02,CSE-03,,,,Lateral Movement
NS-04,CSE-11,,,,
NS-07,CSE-11,,,,
EG-04,CSE-19,,,AL-003373,
EG-04,CSE-19,,,AL-003374,
EG-04,CSE-19,,,AL-003375,
EG-04,CSE-19,,,AL-003376,
EG-04,CSE-19,,,AL-003377,
EG-04,CSE-19,,,AL-003378,
